condition,metric,n,mean,std
hard_ortho;base,final_acc_avg,10,0.166666666667,0
hard_ortho;base,final_acc_A,10,0.25,0
hard_ortho;base,final_acc_B,10,0.25,0
hard_ortho;base,final_acc_C,10,0,0
hard_ortho;base,final_drift_kl,10,0,0
hard_ortho;controller,final_acc_avg,10,0.541666666667,0.0708197154666
hard_ortho;controller,final_acc_A,10,0.25,0
hard_ortho;controller,final_acc_B,10,0.375,0.2124591464
hard_ortho;controller,final_acc_C,10,1,0
hard_ortho;controller,average_retention,10,0.3125,0.1062295732
hard_ortho;controller,return_to_base_gap,10,0.025,0.0790569415042
hard_ortho;controller,collateral,10,0.6375,0.0922330984216
hard_ortho;controller,order_sensitivity,10,0.616666666667,0.0895806416478
hard_ortho;controller,final_drift_kl,10,4.92256689072,0.469096035439
hard_ortho;controller,paraphrase_consistency,10,0,0
hard_ortho;controller_routed,final_acc_avg,10,0.983333333333,0.0351364184463
hard_ortho;controller_routed,final_acc_A,10,0.975,0.0790569415042
hard_ortho;controller_routed,final_acc_B,10,1,0
hard_ortho;controller_routed,final_acc_C,10,0.975,0.0790569415042
k=16;base,final_acc_avg,10,0.166666666667,0
k=16;base,final_acc_A,10,0.25,0
k=16;base,final_acc_B,10,0.25,0
k=16;base,final_acc_C,10,0,0
k=16;base,final_drift_kl,10,0,0
k=16;coeff_add,final_acc_avg,10,0.15,0.0946077020329
k=16;coeff_add,final_acc_A,10,0.25,0.117851130198
k=16;coeff_add,final_acc_B,10,0.1,0.129099444874
k=16;coeff_add,final_acc_C,10,0.1,0.129099444874
k=16;coeff_add,average_retention,10,0.175,0.105409255339
k=16;coeff_add,return_to_base_gap,10,0.05,0.105409255339
k=16;coeff_add,collateral,10,0.0875,0.102909075294
k=16;coeff_add,order_sensitivity,10,0,0
k=16;coeff_add,final_drift_kl,10,5.96334004402,1.01691083806
k=16;coeff_add,paraphrase_consistency,10,0,0
k=16;controller,final_acc_avg,10,0.475,0.0882791587893
k=16;controller,final_acc_A,10,0.1,0.129099444874
k=16;controller,final_acc_B,10,0.325,0.205818150587
k=16;controller,final_acc_C,10,1,0
k=16;controller,average_retention,10,0.2125,0.132418738184
k=16;controller,return_to_base_gap,10,0,0
k=16;controller,collateral,10,0.5125,0.137563116827
k=16;controller,order_sensitivity,10,0.716666666667,0.0895806416478
k=16;controller,final_drift_kl,10,4.95585393906,1.18660455068
k=16;controller,paraphrase_consistency,10,0,0
k=16;controller_routed,final_acc_avg,10,0.983333333333,0.0351364184463
k=16;controller_routed,final_acc_A,10,0.95,0.105409255339
k=16;controller_routed,final_acc_B,10,1,0
k=16;controller_routed,final_acc_C,10,1,0
k=16;independent,final_acc_avg,10,1,0
k=16;independent,final_acc_A,10,1,0
k=16;independent,final_acc_B,10,1,0
k=16;independent,final_acc_C,10,1,0
k=16;independent,final_drift_kl,10,4.44340400696,0.593665454976
k=16;naive_stack,final_acc_avg,10,0.775,0.0686060501957
k=16;naive_stack,final_acc_A,10,0.6,0.174801474695
k=16;naive_stack,final_acc_B,10,0.725,0.0790569415042
k=16;naive_stack,final_acc_C,10,1,0
k=16;naive_stack,average_retention,10,0.6625,0.102909075294
k=16;naive_stack,return_to_base_gap,10,0.225,0.0790569415042
k=16;naive_stack,collateral,10,0.475,0.114867072934
k=16;naive_stack,order_sensitivity,10,0.341666666667,0.12699032723
k=16;naive_stack,final_drift_kl,10,15.3376130104,4.19007911949
k=16;naive_stack,paraphrase_consistency,10,0,0
k=32;base,final_acc_avg,10,0.166666666667,0
k=32;base,final_acc_A,10,0.25,0
k=32;base,final_acc_B,10,0.25,0
k=32;base,final_acc_C,10,0,0
k=32;base,final_drift_kl,10,0,0
k=32;coeff_add,final_acc_avg,10,0.175,0.0917087445512
k=32;coeff_add,final_acc_A,10,0.25,0.117851130198
k=32;coeff_add,final_acc_B,10,0.125,0.131761569174
k=32;coeff_add,final_acc_C,10,0.15,0.129099444874
k=32;coeff_add,average_retention,10,0.1875,0.0883883476483
k=32;coeff_add,return_to_base_gap,10,0.05,0.105409255339
k=32;coeff_add,collateral,10,0.15,0.0986013297183
k=32;coeff_add,order_sensitivity,10,0,0
k=32;coeff_add,final_drift_kl,10,6.21896448135,0.646048738981
k=32;coeff_add,paraphrase_consistency,10,0,0
k=32;controller,final_acc_avg,10,0.516666666667,0.122977464562
k=32;controller,final_acc_A,10,0.2,0.197202659437
k=32;controller,final_acc_B,10,0.35,0.210818510678
k=32;controller,final_acc_C,10,1,0
k=32;controller,average_retention,10,0.275,0.184466196843
k=32;controller,return_to_base_gap,10,0.075,0.120761472885
k=32;controller,collateral,10,0.55,0.120761472885
k=32;controller,order_sensitivity,10,0.608333333333,0.0966251507274
k=32;controller,final_drift_kl,10,5.31859071255,0.891748446936
k=32;controller,paraphrase_consistency,10,0,0
k=32;controller_routed,final_acc_avg,10,0.933333333333,0.16101529718
k=32;controller_routed,final_acc_A,10,0.9,0.24152294577
k=32;controller_routed,final_acc_B,10,1,0
k=32;controller_routed,final_acc_C,10,0.9,0.24152294577
k=32;independent,final_acc_avg,10,1,0
k=32;independent,final_acc_A,10,1,0
k=32;independent,final_acc_B,10,1,0
k=32;independent,final_acc_C,10,1,0
k=32;independent,final_drift_kl,10,4.85604848862,0.908885646301
k=32;naive_stack,final_acc_avg,10,0.775,0.0686060501957
k=32;naive_stack,final_acc_A,10,0.6,0.174801474695
k=32;naive_stack,final_acc_B,10,0.725,0.0790569415042
k=32;naive_stack,final_acc_C,10,1,0
k=32;naive_stack,average_retention,10,0.6625,0.102909075294
k=32;naive_stack,return_to_base_gap,10,0.225,0.0790569415042
k=32;naive_stack,collateral,10,0.475,0.114867072934
k=32;naive_stack,order_sensitivity,10,0.341666666667,0.12699032723
k=32;naive_stack,final_drift_kl,10,15.3376130104,4.19007911949
k=32;naive_stack,paraphrase_consistency,10,0,0
k=4;base,final_acc_avg,10,0.166666666667,0
k=4;base,final_acc_A,10,0.25,0
k=4;base,final_acc_B,10,0.25,0
k=4;base,final_acc_C,10,0,0
k=4;base,final_drift_kl,10,0,0
k=4;coeff_add,final_acc_avg,10,0.133333333333,0.0978156492314
k=4;coeff_add,final_acc_A,10,0.25,0.117851130198
k=4;coeff_add,final_acc_B,10,0.1,0.174801474695
k=4;coeff_add,final_acc_C,10,0.05,0.105409255339
k=4;coeff_add,average_retention,10,0.175,0.105409255339
k=4;coeff_add,return_to_base_gap,10,0.1,0.129099444874
k=4;coeff_add,collateral,10,0.1,0.129099444874
k=4;coeff_add,order_sensitivity,10,0,0
k=4;coeff_add,final_drift_kl,10,6.60435671806,1.05154770203
k=4;coeff_add,paraphrase_consistency,10,0,0
k=4;controller,final_acc_avg,10,0.475,0.0966251507274
k=4;controller,final_acc_A,10,0.275,0.141911553049
k=4;controller,final_acc_B,10,0.2,0.197202659437
k=4;controller,final_acc_C,10,0.95,0.105409255339
k=4;controller,average_retention,10,0.2375,0.124303615751
k=4;controller,return_to_base_gap,10,0.05,0.105409255339
k=4;controller,collateral,10,0.4875,0.137563116827
k=4;controller,order_sensitivity,10,0.591666666667,0.114193359951
k=4;controller,final_drift_kl,10,5.02120728493,0.942769175348
k=4;controller,paraphrase_consistency,10,0,0
k=4;controller_routed,final_acc_avg,10,0.916666666667,0.10393492741
k=4;controller_routed,final_acc_A,10,0.95,0.158113883008
k=4;controller_routed,final_acc_B,10,0.975,0.0790569415042
k=4;controller_routed,final_acc_C,10,0.825,0.237170824513
k=4;independent,final_acc_avg,10,0.958333333333,0.0439205230579
k=4;independent,final_acc_A,10,1,0
k=4;independent,final_acc_B,10,0.975,0.0790569415042
k=4;independent,final_acc_C,10,0.9,0.129099444874
k=4;independent,final_drift_kl,10,4.92725884914,0.733584862356
k=4;naive_stack,final_acc_avg,10,0.775,0.0686060501957
k=4;naive_stack,final_acc_A,10,0.6,0.174801474695
k=4;naive_stack,final_acc_B,10,0.725,0.0790569415042
k=4;naive_stack,final_acc_C,10,1,0
k=4;naive_stack,average_retention,10,0.6625,0.102909075294
k=4;naive_stack,return_to_base_gap,10,0.225,0.0790569415042
k=4;naive_stack,collateral,10,0.475,0.114867072934
k=4;naive_stack,order_sensitivity,10,0.341666666667,0.12699032723
k=4;naive_stack,final_drift_kl,10,15.3376130104,4.19007911949
k=4;naive_stack,paraphrase_consistency,10,0,0
k=8;base,final_acc_avg,10,0.166666666667,0
k=8;base,final_acc_A,10,0.25,0
k=8;base,final_acc_B,10,0.25,0
k=8;base,final_acc_C,10,0,0
k=8;base,final_drift_kl,10,0,0
k=8;coeff_add,final_acc_avg,10,0.2,0.0582671582317
k=8;coeff_add,final_acc_A,10,0.275,0.141911553049
k=8;coeff_add,final_acc_B,10,0.175,0.120761472885
k=8;coeff_add,final_acc_C,10,0.15,0.129099444874
k=8;coeff_add,average_retention,10,0.225,0.0790569415042
k=8;coeff_add,return_to_base_gap,10,0.075,0.120761472885
k=8;coeff_add,collateral,10,0.125,0.102062072616
k=8;coeff_add,order_sensitivity,10,0,0
k=8;coeff_add,final_drift_kl,10,6.38709673882,1.30759858067
k=8;coeff_add,paraphrase_consistency,10,0,0
k=8;controller,final_acc_avg,10,0.533333333333,0.119153392164
k=8;controller,final_acc_A,10,0.25,0.166666666667
k=8;controller,final_acc_B,10,0.35,0.24152294577
k=8;controller,final_acc_C,10,1,0
k=8;controller,average_retention,10,0.3,0.178730088246
k=8;controller,return_to_base_gap,10,0.05,0.105409255339
k=8;controller,collateral,10,0.6,0.0790569415042
k=8;controller,order_sensitivity,10,0.575,0.132927623489
k=8;controller,final_drift_kl,10,5.08957183361,0.996003714141
k=8;controller,paraphrase_consistency,10,0,0
k=8;controller_routed,final_acc_avg,10,1,0
k=8;controller_routed,final_acc_A,10,1,0
k=8;controller_routed,final_acc_B,10,1,0
k=8;controller_routed,final_acc_C,10,1,0
k=8;independent,final_acc_avg,10,1,0
k=8;independent,final_acc_A,10,1,0
k=8;independent,final_acc_B,10,1,0
k=8;independent,final_acc_C,10,1,0
k=8;independent,final_drift_kl,10,5.17166814804,1.2201860565
k=8;naive_stack,final_acc_avg,10,0.775,0.0686060501957
k=8;naive_stack,final_acc_A,10,0.6,0.174801474695
k=8;naive_stack,final_acc_B,10,0.725,0.0790569415042
k=8;naive_stack,final_acc_C,10,1,0
k=8;naive_stack,average_retention,10,0.6625,0.102909075294
k=8;naive_stack,return_to_base_gap,10,0.225,0.0790569415042
k=8;naive_stack,collateral,10,0.475,0.114867072934
k=8;naive_stack,order_sensitivity,10,0.341666666667,0.12699032723
k=8;naive_stack,final_drift_kl,10,15.3376130104,4.19007911949
k=8;naive_stack,paraphrase_consistency,10,0,0
no_gates;anchor=1;base,final_acc_avg,10,0.166666666667,0
no_gates;anchor=1;base,final_acc_A,10,0.25,0
no_gates;anchor=1;base,final_acc_B,10,0.25,0
no_gates;anchor=1;base,final_acc_C,10,0,0
no_gates;anchor=1;base,final_drift_kl,10,0,0
no_gates;anchor=1;controller,final_acc_avg,10,0.466666666667,0.0978156492314
no_gates;anchor=1;controller,final_acc_A,10,0.225,0.184466196843
no_gates;anchor=1;controller,final_acc_B,10,0.175,0.120761472885
no_gates;anchor=1;controller,final_acc_C,10,1,0
no_gates;anchor=1;controller,average_retention,10,0.2,0.146723473847
no_gates;anchor=1;controller,return_to_base_gap,10,0,0
no_gates;anchor=1;controller,collateral,10,0.525,0.0527046276695
no_gates;anchor=1;controller,order_sensitivity,10,0.583333333333,0.0962250448649
no_gates;anchor=1;controller,final_drift_kl,10,0.583408918977,0.0908284174399
no_gates;anchor=1;controller,paraphrase_consistency,10,0,0
no_gates;anchor=1;controller_routed,final_acc_avg,10,0.95,0.0895806416478
no_gates;anchor=1;controller_routed,final_acc_A,10,0.85,0.268741924943
no_gates;anchor=1;controller_routed,final_acc_B,10,1,0
no_gates;anchor=1;controller_routed,final_acc_C,10,1,0
no_gates;base,final_acc_avg,10,0.166666666667,0
no_gates;base,final_acc_A,10,0.25,0
no_gates;base,final_acc_B,10,0.25,0
no_gates;base,final_acc_C,10,0,0
no_gates;base,final_drift_kl,10,0,0
no_gates;controller,final_acc_avg,10,0.516666666667,0.0946077020329
no_gates;controller,final_acc_A,10,0.225,0.184466196843
no_gates;controller,final_acc_B,10,0.325,0.237170824513
no_gates;controller,final_acc_C,10,1,0
no_gates;controller,average_retention,10,0.275,0.141911553049
no_gates;controller,return_to_base_gap,10,0.05,0.105409255339
no_gates;controller,collateral,10,0.5875,0.144937726091
no_gates;controller,order_sensitivity,10,0.591666666667,0.0917087445512
no_gates;controller,final_drift_kl,10,4.87832098007,0.601283460306
no_gates;controller,paraphrase_consistency,10,0,0
no_gates;controller_routed,final_acc_avg,10,1,0
no_gates;controller_routed,final_acc_A,10,1,0
no_gates;controller_routed,final_acc_B,10,1,0
no_gates;controller_routed,final_acc_C,10,1,0
ortho=0.1;base,final_acc_avg,10,0.166666666667,0
ortho=0.1;base,final_acc_A,10,0.25,0
ortho=0.1;base,final_acc_B,10,0.25,0
ortho=0.1;base,final_acc_C,10,0,0
ortho=0.1;base,final_drift_kl,10,0,0
ortho=0.1;controller,final_acc_avg,10,0.533333333333,0.119153392164
ortho=0.1;controller,final_acc_A,10,0.25,0.166666666667
ortho=0.1;controller,final_acc_B,10,0.35,0.24152294577
ortho=0.1;controller,final_acc_C,10,1,0
ortho=0.1;controller,average_retention,10,0.3,0.178730088246
ortho=0.1;controller,return_to_base_gap,10,0.05,0.105409255339
ortho=0.1;controller,collateral,10,0.6,0.0790569415042
ortho=0.1;controller,order_sensitivity,10,0.575,0.132927623489
ortho=0.1;controller,final_drift_kl,10,5.08957183361,0.996003714141
ortho=0.1;controller,paraphrase_consistency,10,0,0
ortho=0.1;controller_routed,final_acc_avg,10,1,0
ortho=0.1;controller_routed,final_acc_A,10,1,0
ortho=0.1;controller_routed,final_acc_B,10,1,0
ortho=0.1;controller_routed,final_acc_C,10,1,0
ortho=0;base,final_acc_avg,10,0.166666666667,0
ortho=0;base,final_acc_A,10,0.25,0
ortho=0;base,final_acc_B,10,0.25,0
ortho=0;base,final_acc_C,10,0,0
ortho=0;base,final_drift_kl,10,0,0
ortho=0;controller,final_acc_avg,10,0.491666666667,0.120761472885
ortho=0;controller,final_acc_A,10,0.15,0.174801474695
ortho=0;controller,final_acc_B,10,0.325,0.237170824513
ortho=0;controller,final_acc_C,10,1,0
ortho=0;controller,average_retention,10,0.2375,0.181142209327
ortho=0;controller,return_to_base_gap,10,0.025,0.0790569415042
ortho=0;controller,collateral,10,0.625,0.131761569174
ortho=0;controller,order_sensitivity,10,0.625,0.0708197154666
ortho=0;controller,final_drift_kl,10,4.84149353504,0.955437237035
ortho=0;controller,paraphrase_consistency,10,0,0
ortho=0;controller_routed,final_acc_avg,10,1,0
ortho=0;controller_routed,final_acc_A,10,1,0
ortho=0;controller_routed,final_acc_B,10,1,0
ortho=0;controller_routed,final_acc_C,10,1,0
ortho=1;base,final_acc_avg,10,0.166666666667,0
ortho=1;base,final_acc_A,10,0.25,0
ortho=1;base,final_acc_B,10,0.25,0
ortho=1;base,final_acc_C,10,0,0
ortho=1;base,final_drift_kl,10,0,0
ortho=1;controller,final_acc_avg,10,0.483333333333,0.0765780486227
ortho=1;controller,final_acc_A,10,0.2,0.158113883008
ortho=1;controller,final_acc_B,10,0.25,0.117851130198
ortho=1;controller,final_acc_C,10,1,0
ortho=1;controller,average_retention,10,0.225,0.114867072934
ortho=1;controller,return_to_base_gap,10,0,0
ortho=1;controller,collateral,10,0.55,0.120761472885
ortho=1;controller,order_sensitivity,10,0.616666666667,0.137212100391
ortho=1;controller,final_drift_kl,10,4.68821773529,0.895317478506
ortho=1;controller,paraphrase_consistency,10,0,0
ortho=1;controller_routed,final_acc_avg,10,1,0
ortho=1;controller_routed,final_acc_A,10,1,0
ortho=1;controller_routed,final_acc_B,10,1,0
ortho=1;controller_routed,final_acc_C,10,1,0
overlap=2;base,final_acc_avg,5,0.166666666667,0
overlap=2;base,final_acc_A,5,0.25,0
overlap=2;base,final_acc_B,5,0.25,0
overlap=2;base,final_acc_C,5,0,0
overlap=2;base,final_drift_kl,5,0,0
overlap=2;controller,final_acc_avg,5,0.466666666667,0.0456435464588
overlap=2;controller,final_acc_A,5,0.2,0.209165006634
overlap=2;controller,final_acc_B,5,0.2,0.209165006634
overlap=2;controller,final_acc_C,5,1,0
overlap=2;controller,average_retention,5,0.2,0.0684653196881
overlap=2;controller,newest_alone_on_earlier,5,0.225,0.104582503317
overlap=2;controller,return_to_base_gap,5,0.15,0.136930639376
overlap=2;controller,collateral,5,0.475,0.136930639376
overlap=2;controller,order_sensitivity,5,0.666666666667,0.117851130198
overlap=2;controller,final_drift_kl,5,5.15292320251,0.965836926498
overlap=2;controller,paraphrase_consistency,5,0,0
overlap=2;controller_routed,final_acc_avg,5,0.983333333333,0.037267799625
overlap=2;controller_routed,final_acc_A,5,0.95,0.111803398875
overlap=2;controller_routed,final_acc_B,5,1,0
overlap=2;controller_routed,final_acc_C,5,1,0
replay=1;base,final_acc_avg,10,0.166666666667,0
replay=1;base,final_acc_A,10,0.25,0
replay=1;base,final_acc_B,10,0.25,0
replay=1;base,final_acc_C,10,0,0
replay=1;base,final_drift_kl,10,0,0
replay=1;controller,final_acc_avg,10,1,0
replay=1;controller,final_acc_A,10,1,0
replay=1;controller,final_acc_B,10,1,0
replay=1;controller,final_acc_C,10,1,0
replay=1;controller,average_retention,10,1,0
replay=1;controller,return_to_base_gap,10,0.05,0.105409255339
replay=1;controller,collateral,10,0.8875,0.0922330984216
replay=1;controller,order_sensitivity,10,0,0
replay=1;controller,final_drift_kl,10,4.54680764675,0.661148219001
replay=1;controller,paraphrase_consistency,10,0,0
replay=1;controller_routed,final_acc_avg,10,0.983333333333,0.0351364184463
replay=1;controller_routed,final_acc_A,10,0.975,0.0790569415042
replay=1;controller_routed,final_acc_B,10,1,0
replay=1;controller_routed,final_acc_C,10,0.975,0.0790569415042
replay=1;frac=0.125;base,final_acc_avg,5,0.166666666667,0
replay=1;frac=0.125;base,final_acc_A,5,0.25,0
replay=1;frac=0.125;base,final_acc_B,5,0.25,0
replay=1;frac=0.125;base,final_acc_C,5,0,0
replay=1;frac=0.125;base,final_drift_kl,5,0,0
replay=1;frac=0.125;controller,final_acc_avg,5,0.566666666667,0.0697216688778
replay=1;frac=0.125;controller,final_acc_A,5,0.4,0.136930639376
replay=1;frac=0.125;controller,final_acc_B,5,0.3,0.111803398875
replay=1;frac=0.125;controller,final_acc_C,5,1,0
replay=1;frac=0.125;controller,average_retention,5,0.35,0.104582503317
replay=1;frac=0.125;controller,newest_alone_on_earlier,5,0.175,0.142521928137
replay=1;frac=0.125;controller,return_to_base_gap,5,0.1,0.136930639376
replay=1;frac=0.125;controller,collateral,5,0.55,0.167705098312
replay=1;frac=0.125;controller,order_sensitivity,5,0.45,0.0456435464588
replay=1;frac=0.125;controller,final_drift_kl,5,4.65379428864,0.918310143134
replay=1;frac=0.125;controller,paraphrase_consistency,5,0,0
replay=1;frac=0.125;controller_routed,final_acc_avg,5,0.983333333333,0.037267799625
replay=1;frac=0.125;controller_routed,final_acc_A,5,1,0
replay=1;frac=0.125;controller_routed,final_acc_B,5,1,0
replay=1;frac=0.125;controller_routed,final_acc_C,5,0.95,0.111803398875
replay=1;frac=0.25;base,final_acc_avg,5,0.166666666667,0
replay=1;frac=0.25;base,final_acc_A,5,0.25,0
replay=1;frac=0.25;base,final_acc_B,5,0.25,0
replay=1;frac=0.25;base,final_acc_C,5,0,0
replay=1;frac=0.25;base,final_drift_kl,5,0,0
replay=1;frac=0.25;controller,final_acc_avg,5,0.633333333333,0.111803398875
replay=1;frac=0.25;controller,final_acc_A,5,0.35,0.136930639376
replay=1;frac=0.25;controller,final_acc_B,5,0.55,0.209165006634
replay=1;frac=0.25;controller,final_acc_C,5,1,0
replay=1;frac=0.25;controller,average_retention,5,0.45,0.167705098312
replay=1;frac=0.25;controller,newest_alone_on_earlier,5,0.125,0
replay=1;frac=0.25;controller,return_to_base_gap,5,0.15,0.136930639376
replay=1;frac=0.25;controller,collateral,5,0.65,0.104582503317
replay=1;frac=0.25;controller,order_sensitivity,5,0.533333333333,0.0950146187583
replay=1;frac=0.25;controller,final_drift_kl,5,4.52329483032,0.940478764244
replay=1;frac=0.25;controller,paraphrase_consistency,5,0,0
replay=1;frac=0.25;controller_routed,final_acc_avg,5,0.983333333333,0.037267799625
replay=1;frac=0.25;controller_routed,final_acc_A,5,1,0
replay=1;frac=0.25;controller_routed,final_acc_B,5,1,0
replay=1;frac=0.25;controller_routed,final_acc_C,5,0.95,0.111803398875
replay=1;frac=0.5;base,final_acc_avg,5,0.166666666667,0
replay=1;frac=0.5;base,final_acc_A,5,0.25,0
replay=1;frac=0.5;base,final_acc_B,5,0.25,0
replay=1;frac=0.5;base,final_acc_C,5,0,0
replay=1;frac=0.5;base,final_drift_kl,5,0,0
replay=1;frac=0.5;controller,final_acc_avg,5,0.7,0.0950146187583
replay=1;frac=0.5;controller,final_acc_A,5,0.6,0.22360679775
replay=1;frac=0.5;controller,final_acc_B,5,0.5,0.25
replay=1;frac=0.5;controller,final_acc_C,5,1,0
replay=1;frac=0.5;controller,average_retention,5,0.55,0.142521928137
replay=1;frac=0.5;controller,newest_alone_on_earlier,5,0.1,0.104582503317
replay=1;frac=0.5;controller,return_to_base_gap,5,0,0
replay=1;frac=0.5;controller,collateral,5,0.675,0.189571886101
replay=1;frac=0.5;controller,order_sensitivity,5,0.4,0.0697216688778
replay=1;frac=0.5;controller,final_drift_kl,5,4.92141952515,0.643986977289
replay=1;frac=0.5;controller,paraphrase_consistency,5,0,0
replay=1;frac=0.5;controller_routed,final_acc_avg,5,0.983333333333,0.037267799625
replay=1;frac=0.5;controller_routed,final_acc_A,5,1,0
replay=1;frac=0.5;controller_routed,final_acc_B,5,1,0
replay=1;frac=0.5;controller_routed,final_acc_C,5,0.95,0.111803398875
replay=1;hard_ortho;base,final_acc_avg,10,0.166666666667,0
replay=1;hard_ortho;base,final_acc_A,10,0.25,0
replay=1;hard_ortho;base,final_acc_B,10,0.25,0
replay=1;hard_ortho;base,final_acc_C,10,0,0
replay=1;hard_ortho;base,final_drift_kl,10,0,0
replay=1;hard_ortho;controller,final_acc_avg,10,0.983333333333,0.0527046276695
replay=1;hard_ortho;controller,final_acc_A,10,0.975,0.0790569415042
replay=1;hard_ortho;controller,final_acc_B,10,0.975,0.0790569415042
replay=1;hard_ortho;controller,final_acc_C,10,1,0
replay=1;hard_ortho;controller,average_retention,10,0.975,0.0790569415042
replay=1;hard_ortho;controller,return_to_base_gap,10,0.05,0.105409255339
replay=1;hard_ortho;controller,collateral,10,0.875,0.117851130198
replay=1;hard_ortho;controller,order_sensitivity,10,0.0166666666667,0.0527046276695
replay=1;hard_ortho;controller,final_drift_kl,10,4.70539269447,0.629825034784
replay=1;hard_ortho;controller,paraphrase_consistency,10,0,0
replay=1;hard_ortho;controller_routed,final_acc_avg,10,0.983333333333,0.0351364184463
replay=1;hard_ortho;controller_routed,final_acc_A,10,0.975,0.0790569415042
replay=1;hard_ortho;controller_routed,final_acc_B,10,1,0
replay=1;hard_ortho;controller_routed,final_acc_C,10,0.975,0.0790569415042
replay=1;k=16;base,final_acc_avg,5,0.166666666667,0
replay=1;k=16;base,final_acc_A,5,0.25,0
replay=1;k=16;base,final_acc_B,5,0.25,0
replay=1;k=16;base,final_acc_C,5,0,0
replay=1;k=16;base,final_drift_kl,5,0,0
replay=1;k=16;controller,final_acc_avg,5,1,0
replay=1;k=16;controller,final_acc_A,5,1,0
replay=1;k=16;controller,final_acc_B,5,1,0
replay=1;k=16;controller,final_acc_C,5,1,0
replay=1;k=16;controller,average_retention,5,1,0
replay=1;k=16;controller,newest_alone_on_earlier,5,0.25,0.0883883476483
replay=1;k=16;controller,return_to_base_gap,5,0.1,0.136930639376
replay=1;k=16;controller,collateral,5,0.85,0.136930639376
replay=1;k=16;controller,order_sensitivity,5,0,0
replay=1;k=16;controller,final_drift_kl,5,5.18453817368,0.970344616278
replay=1;k=16;controller,paraphrase_consistency,5,0,0
replay=1;k=16;controller_routed,final_acc_avg,5,0.983333333333,0.037267799625
replay=1;k=16;controller_routed,final_acc_A,5,0.95,0.111803398875
replay=1;k=16;controller_routed,final_acc_B,5,1,0
replay=1;k=16;controller_routed,final_acc_C,5,1,0
replay=1;k=16;sites=attn;base,final_acc_avg,5,0.166666666667,0
replay=1;k=16;sites=attn;base,final_acc_A,5,0.25,0
replay=1;k=16;sites=attn;base,final_acc_B,5,0.25,0
replay=1;k=16;sites=attn;base,final_acc_C,5,0,0
replay=1;k=16;sites=attn;base,final_drift_kl,5,0,0
replay=1;k=16;sites=attn;controller,final_acc_avg,5,1,0
replay=1;k=16;sites=attn;controller,final_acc_A,5,1,0
replay=1;k=16;sites=attn;controller,final_acc_B,5,1,0
replay=1;k=16;sites=attn;controller,final_acc_C,5,1,0
replay=1;k=16;sites=attn;controller,average_retention,5,1,0
replay=1;k=16;sites=attn;controller,newest_alone_on_earlier,5,0.25,0.0883883476483
replay=1;k=16;sites=attn;controller,return_to_base_gap,5,0.15,0.136930639376
replay=1;k=16;sites=attn;controller,collateral,5,0.9,0.104582503317
replay=1;k=16;sites=attn;controller,order_sensitivity,5,0,0
replay=1;k=16;sites=attn;controller,final_drift_kl,5,4.5725356102,0.445265703098
replay=1;k=16;sites=attn;controller,paraphrase_consistency,5,0,0
replay=1;k=16;sites=attn;controller_routed,final_acc_avg,5,0.966666666667,0.0456435464588
replay=1;k=16;sites=attn;controller_routed,final_acc_A,5,0.9,0.136930639376
replay=1;k=16;sites=attn;controller_routed,final_acc_B,5,1,0
replay=1;k=16;sites=attn;controller_routed,final_acc_C,5,1,0
replay=1;k=2;base,final_acc_avg,5,0.166666666667,0
replay=1;k=2;base,final_acc_A,5,0.25,0
replay=1;k=2;base,final_acc_B,5,0.25,0
replay=1;k=2;base,final_acc_C,5,0,0
replay=1;k=2;base,final_drift_kl,5,0,0
replay=1;k=2;controller,final_acc_avg,5,0.333333333333,0.166666666667
replay=1;k=2;controller,final_acc_A,5,0.3,0.209165006634
replay=1;k=2;controller,final_acc_B,5,0.4,0.22360679775
replay=1;k=2;controller,final_acc_C,5,0.3,0.32596012026
replay=1;k=2;controller,average_retention,5,0.35,0.104582503317
replay=1;k=2;controller,newest_alone_on_earlier,5,0.275,0.136930639376
replay=1;k=2;controller,return_to_base_gap,5,0.05,0.111803398875
replay=1;k=2;controller,collateral,5,0.225,0.22360679775
replay=1;k=2;controller,order_sensitivity,5,0.2,0.0950146187583
replay=1;k=2;controller,final_drift_kl,5,3.61073045731,1.13045564162
replay=1;k=2;controller,paraphrase_consistency,5,0,0
replay=1;k=2;controller_routed,final_acc_avg,5,0.4,0.10865337342
replay=1;k=2;controller_routed,final_acc_A,5,0.45,0.209165006634
replay=1;k=2;controller_routed,final_acc_B,5,0.4,0.136930639376
replay=1;k=2;controller_routed,final_acc_C,5,0.35,0.136930639376
replay=1;k=2;sites=attn;base,final_acc_avg,5,0.166666666667,0
replay=1;k=2;sites=attn;base,final_acc_A,5,0.25,0
replay=1;k=2;sites=attn;base,final_acc_B,5,0.25,0
replay=1;k=2;sites=attn;base,final_acc_C,5,0,0
replay=1;k=2;sites=attn;base,final_drift_kl,5,0,0
replay=1;k=2;sites=attn;controller,final_acc_avg,5,0.233333333333,0.0697216688778
replay=1;k=2;sites=attn;controller,final_acc_A,5,0.35,0.22360679775
replay=1;k=2;sites=attn;controller,final_acc_B,5,0.25,0
replay=1;k=2;sites=attn;controller,final_acc_C,5,0.1,0.136930639376
replay=1;k=2;sites=attn;controller,average_retention,5,0.3,0.111803398875
replay=1;k=2;sites=attn;controller,newest_alone_on_earlier,5,0.225,0.0559016994375
replay=1;k=2;sites=attn;controller,return_to_base_gap,5,0,0
replay=1;k=2;sites=attn;controller,collateral,5,0.05,0.0684653196881
replay=1;k=2;sites=attn;controller,order_sensitivity,5,0.0166666666667,0.037267799625
replay=1;k=2;sites=attn;controller,final_drift_kl,5,1.68376889229,0.733951676849
replay=1;k=2;sites=attn;controller,paraphrase_consistency,5,0,0
replay=1;k=2;sites=attn;controller_routed,final_acc_avg,5,0.233333333333,0.0697216688778
replay=1;k=2;sites=attn;controller_routed,final_acc_A,5,0.35,0.136930639376
replay=1;k=2;sites=attn;controller_routed,final_acc_B,5,0.25,0
replay=1;k=2;sites=attn;controller_routed,final_acc_C,5,0.1,0.136930639376
replay=1;k=4;base,final_acc_avg,5,0.166666666667,0
replay=1;k=4;base,final_acc_A,5,0.25,0
replay=1;k=4;base,final_acc_B,5,0.25,0
replay=1;k=4;base,final_acc_C,5,0,0
replay=1;k=4;base,final_drift_kl,5,0,0
replay=1;k=4;controller,final_acc_avg,5,0.716666666667,0.139443337756
replay=1;k=4;controller,final_acc_A,5,0.6,0.22360679775
replay=1;k=4;controller,final_acc_B,5,0.8,0.273861278753
replay=1;k=4;controller,final_acc_C,5,0.75,0.25
replay=1;k=4;controller,average_retention,5,0.7,0.111803398875
replay=1;k=4;controller,newest_alone_on_earlier,5,0.225,0.0559016994375
replay=1;k=4;controller,return_to_base_gap,5,0,0
replay=1;k=4;controller,collateral,5,0.7,0.142521928137
replay=1;k=4;controller,order_sensitivity,5,0.216666666667,0.139443337756
replay=1;k=4;controller,final_drift_kl,5,4.4377966404,1.40474982804
replay=1;k=4;controller,paraphrase_consistency,5,0,0
replay=1;k=4;controller_routed,final_acc_avg,5,0.9,0.0697216688778
replay=1;k=4;controller_routed,final_acc_A,5,1,0
replay=1;k=4;controller_routed,final_acc_B,5,1,0
replay=1;k=4;controller_routed,final_acc_C,5,0.7,0.209165006634
replay=1;k=4;sites=attn;base,final_acc_avg,5,0.166666666667,0
replay=1;k=4;sites=attn;base,final_acc_A,5,0.25,0
replay=1;k=4;sites=attn;base,final_acc_B,5,0.25,0
replay=1;k=4;sites=attn;base,final_acc_C,5,0,0
replay=1;k=4;sites=attn;base,final_drift_kl,5,0,0
replay=1;k=4;sites=attn;controller,final_acc_avg,5,0.283333333333,0.0950146187583
replay=1;k=4;sites=attn;controller,final_acc_A,5,0.35,0.136930639376
replay=1;k=4;sites=attn;controller,final_acc_B,5,0.25,0
replay=1;k=4;sites=attn;controller,final_acc_C,5,0.25,0.176776695297
replay=1;k=4;sites=attn;controller,average_retention,5,0.3,0.0684653196881
replay=1;k=4;sites=attn;controller,newest_alone_on_earlier,5,0.075,0.0684653196881
replay=1;k=4;sites=attn;controller,return_to_base_gap,5,0,0
replay=1;k=4;sites=attn;controller,collateral,5,0.2,0.142521928137
replay=1;k=4;sites=attn;controller,order_sensitivity,5,0.216666666667,0.0456435464588
replay=1;k=4;sites=attn;controller,final_drift_kl,5,3.20222444534,1.94270670941
replay=1;k=4;sites=attn;controller,paraphrase_consistency,5,0,0
replay=1;k=4;sites=attn;controller_routed,final_acc_avg,5,0.666666666667,0.102062072616
replay=1;k=4;sites=attn;controller_routed,final_acc_A,5,0.7,0.209165006634
replay=1;k=4;sites=attn;controller_routed,final_acc_B,5,0.7,0.111803398875
replay=1;k=4;sites=attn;controller_routed,final_acc_C,5,0.6,0.285043856275
"replay=1;layers=0,1,2;base",final_acc_avg,5,0.166666666667,0
"replay=1;layers=0,1,2;base",final_acc_A,5,0.25,0
"replay=1;layers=0,1,2;base",final_acc_B,5,0.25,0
"replay=1;layers=0,1,2;base",final_acc_C,5,0,0
"replay=1;layers=0,1,2;base",final_drift_kl,5,0,0
"replay=1;layers=0,1,2;controller",final_acc_avg,5,0.683333333333,0.136930639376
"replay=1;layers=0,1,2;controller",final_acc_A,5,0.85,0.136930639376
"replay=1;layers=0,1,2;controller",final_acc_B,5,0.55,0.32596012026
"replay=1;layers=0,1,2;controller",final_acc_C,5,0.65,0.136930639376
"replay=1;layers=0,1,2;controller",average_retention,5,0.7,0.209165006634
"replay=1;layers=0,1,2;controller",newest_alone_on_earlier,5,0.25,0
"replay=1;layers=0,1,2;controller",return_to_base_gap,5,0,0
"replay=1;layers=0,1,2;controller",collateral,5,0.575,0.142521928137
"replay=1;layers=0,1,2;controller",order_sensitivity,5,0.283333333333,0.0950146187583
"replay=1;layers=0,1,2;controller",final_drift_kl,5,3.76712970734,0.875039213438
"replay=1;layers=0,1,2;controller",paraphrase_consistency,5,0,0
"replay=1;layers=0,1,2;controller_routed",final_acc_avg,5,0.9,0.10865337342
"replay=1;layers=0,1,2;controller_routed",final_acc_A,5,1,0
"replay=1;layers=0,1,2;controller_routed",final_acc_B,5,0.95,0.111803398875
"replay=1;layers=0,1,2;controller_routed",final_acc_C,5,0.75,0.25
"replay=1;layers=3,4,5;base",final_acc_avg,5,0.166666666667,0
"replay=1;layers=3,4,5;base",final_acc_A,5,0.25,0
"replay=1;layers=3,4,5;base",final_acc_B,5,0.25,0
"replay=1;layers=3,4,5;base",final_acc_C,5,0,0
"replay=1;layers=3,4,5;base",final_drift_kl,5,0,0
"replay=1;layers=3,4,5;controller",final_acc_avg,5,0.766666666667,0.10865337342
"replay=1;layers=3,4,5;controller",final_acc_A,5,0.7,0.111803398875
"replay=1;layers=3,4,5;controller",final_acc_B,5,0.75,0.25
"replay=1;layers=3,4,5;controller",final_acc_C,5,0.85,0.136930639376
"replay=1;layers=3,4,5;controller",average_retention,5,0.725,0.104582503317
"replay=1;layers=3,4,5;controller",newest_alone_on_earlier,5,0.225,0.0559016994375
"replay=1;layers=3,4,5;controller",return_to_base_gap,5,0.05,0.111803398875
"replay=1;layers=3,4,5;controller",collateral,5,0.725,0.136930639376
"replay=1;layers=3,4,5;controller",order_sensitivity,5,0.216666666667,0.126381257401
"replay=1;layers=3,4,5;controller",final_drift_kl,5,4.23792572021,1.2999844912
"replay=1;layers=3,4,5;controller",paraphrase_consistency,5,0,0
"replay=1;layers=3,4,5;controller_routed",final_acc_avg,5,0.983333333333,0.037267799625
"replay=1;layers=3,4,5;controller_routed",final_acc_A,5,1,0
"replay=1;layers=3,4,5;controller_routed",final_acc_B,5,1,0
"replay=1;layers=3,4,5;controller_routed",final_acc_C,5,0.95,0.111803398875
replay=1;overlap=2;base,final_acc_avg,5,0.166666666667,0
replay=1;overlap=2;base,final_acc_A,5,0.25,0
replay=1;overlap=2;base,final_acc_B,5,0.25,0
replay=1;overlap=2;base,final_acc_C,5,0,0
replay=1;overlap=2;base,final_drift_kl,5,0,0
replay=1;overlap=2;controller,final_acc_avg,5,0.983333333333,0.037267799625
replay=1;overlap=2;controller,final_acc_A,5,1,0
replay=1;overlap=2;controller,final_acc_B,5,0.95,0.111803398875
replay=1;overlap=2;controller,final_acc_C,5,1,0
replay=1;overlap=2;controller,average_retention,5,0.975,0.0559016994375
replay=1;overlap=2;controller,newest_alone_on_earlier,5,0.125,0.0883883476483
replay=1;overlap=2;controller,return_to_base_gap,5,0.1,0.136930639376
replay=1;overlap=2;controller,collateral,5,0.85,0.104582503317
replay=1;overlap=2;controller,order_sensitivity,5,0.0166666666667,0.037267799625
replay=1;overlap=2;controller,final_drift_kl,5,4.85375452042,0.513345578502
replay=1;overlap=2;controller,paraphrase_consistency,5,0,0
replay=1;overlap=2;controller_routed,final_acc_avg,5,0.983333333333,0.037267799625
replay=1;overlap=2;controller_routed,final_acc_A,5,0.95,0.111803398875
replay=1;overlap=2;controller_routed,final_acc_B,5,1,0
replay=1;overlap=2;controller_routed,final_acc_C,5,1,0
replay=1;sites=attn;base,final_acc_avg,5,0.166666666667,0
replay=1;sites=attn;base,final_acc_A,5,0.25,0
replay=1;sites=attn;base,final_acc_B,5,0.25,0
replay=1;sites=attn;base,final_acc_C,5,0,0
replay=1;sites=attn;base,final_drift_kl,5,0,0
replay=1;sites=attn;controller,final_acc_avg,5,0.75,0.102062072616
replay=1;sites=attn;controller,final_acc_A,5,0.7,0.273861278753
replay=1;sites=attn;controller,final_acc_B,5,0.75,0
replay=1;sites=attn;controller,final_acc_C,5,0.8,0.111803398875
replay=1;sites=attn;controller,average_retention,5,0.725,0.136930639376
replay=1;sites=attn;controller,newest_alone_on_earlier,5,0.15,0.104582503317
replay=1;sites=attn;controller,return_to_base_gap,5,0.05,0.111803398875
replay=1;sites=attn;controller,collateral,5,0.625,0.153093108924
replay=1;sites=attn;controller,order_sensitivity,5,0.216666666667,0.0456435464588
replay=1;sites=attn;controller,final_drift_kl,5,3.87465176582,1.20190423187
replay=1;sites=attn;controller,paraphrase_consistency,5,0,0
replay=1;sites=attn;controller_routed,final_acc_avg,5,1,0
replay=1;sites=attn;controller_routed,final_acc_A,5,1,0
replay=1;sites=attn;controller_routed,final_acc_B,5,1,0
replay=1;sites=attn;controller_routed,final_acc_C,5,1,0
replay=1;sites=mlp;base,final_acc_avg,5,0.166666666667,0
replay=1;sites=mlp;base,final_acc_A,5,0.25,0
replay=1;sites=mlp;base,final_acc_B,5,0.25,0
replay=1;sites=mlp;base,final_acc_C,5,0,0
replay=1;sites=mlp;base,final_drift_kl,5,0,0
replay=1;sites=mlp;controller,final_acc_avg,5,0.583333333333,0.131761569174
replay=1;sites=mlp;controller,final_acc_A,5,0.6,0.285043856275
replay=1;sites=mlp;controller,final_acc_B,5,0.6,0.22360679775
replay=1;sites=mlp;controller,final_acc_C,5,0.55,0.209165006634
replay=1;sites=mlp;controller,average_retention,5,0.6,0.104582503317
replay=1;sites=mlp;controller,newest_alone_on_earlier,5,0.225,0.0559016994375
replay=1;sites=mlp;controller,return_to_base_gap,5,0,0
replay=1;sites=mlp;controller,collateral,5,0.475,0.16298006013
replay=1;sites=mlp;controller,order_sensitivity,5,0.266666666667,0.1490711985
replay=1;sites=mlp;controller,final_drift_kl,5,4.96538209915,0.440135990295
replay=1;sites=mlp;controller,paraphrase_consistency,5,0,0
replay=1;sites=mlp;controller_routed,final_acc_avg,5,0.883333333333,0.0456435464588
replay=1;sites=mlp;controller_routed,final_acc_A,5,0.95,0.111803398875
replay=1;sites=mlp;controller_routed,final_acc_B,5,0.95,0.111803398875
replay=1;sites=mlp;controller_routed,final_acc_C,5,0.75,0.25
replay=1;tasks=3x8;labels=12;base,final_acc_avg,5,0.0833333333333,0
replay=1;tasks=3x8;labels=12;base,final_acc_A,5,0.125,0
replay=1;tasks=3x8;labels=12;base,final_acc_B,5,0.125,0
replay=1;tasks=3x8;labels=12;base,final_acc_C,5,0,0
replay=1;tasks=3x8;labels=12;base,final_drift_kl,5,0,0
replay=1;tasks=3x8;labels=12;controller,final_acc_avg,5,0.75,0.0779511955578
replay=1;tasks=3x8;labels=12;controller,final_acc_A,5,0.75,0.197642353761
replay=1;tasks=3x8;labels=12;controller,final_acc_B,5,0.625,0.0883883476483
replay=1;tasks=3x8;labels=12;controller,final_acc_C,5,0.875,0.125
replay=1;tasks=3x8;labels=12;controller,average_retention,5,0.6875,0.0883883476483
replay=1;tasks=3x8;labels=12;controller,newest_alone_on_earlier,5,0.05,0.0522912516584
replay=1;tasks=3x8;labels=12;controller,return_to_base_gap,5,0.05,0.0684653196881
replay=1;tasks=3x8;labels=12;controller,collateral,5,0.65,0.0712609640687
replay=1;tasks=3x8;labels=12;controller,order_sensitivity,5,0.125,0.1062295732
replay=1;tasks=3x8;labels=12;controller,final_drift_kl,5,5.91159381866,1.55534030957
replay=1;tasks=3x8;labels=12;controller,paraphrase_consistency,5,0,0
replay=1;tasks=3x8;labels=12;controller_routed,final_acc_avg,5,0.908333333333,0.162446572413
replay=1;tasks=3x8;labels=12;controller_routed,final_acc_A,5,0.925,0.111803398875
replay=1;tasks=3x8;labels=12;controller_routed,final_acc_B,5,1,0
replay=1;tasks=3x8;labels=12;controller_routed,final_acc_C,5,0.8,0.381198767049
replay=1;tasks=3x8;labels=12;k=16;base,final_acc_avg,5,0.0833333333333,0
replay=1;tasks=3x8;labels=12;k=16;base,final_acc_A,5,0.125,0
replay=1;tasks=3x8;labels=12;k=16;base,final_acc_B,5,0.125,0
replay=1;tasks=3x8;labels=12;k=16;base,final_acc_C,5,0,0
replay=1;tasks=3x8;labels=12;k=16;base,final_drift_kl,5,0,0
replay=1;tasks=3x8;labels=12;k=16;controller,final_acc_avg,5,1,0
replay=1;tasks=3x8;labels=12;k=16;controller,final_acc_A,5,1,0
replay=1;tasks=3x8;labels=12;k=16;controller,final_acc_B,5,1,0
replay=1;tasks=3x8;labels=12;k=16;controller,final_acc_C,5,1,0
replay=1;tasks=3x8;labels=12;k=16;controller,average_retention,5,1,0
replay=1;tasks=3x8;labels=12;k=16;controller,newest_alone_on_earlier,5,0.0875,0.0559016994375
replay=1;tasks=3x8;labels=12;k=16;controller,return_to_base_gap,5,0.025,0.0559016994375
replay=1;tasks=3x8;labels=12;k=16;controller,collateral,5,0.8625,0.0522912516584
replay=1;tasks=3x8;labels=12;k=16;controller,order_sensitivity,5,0,0
replay=1;tasks=3x8;labels=12;k=16;controller,final_drift_kl,5,5.53359203339,1.02248176264
replay=1;tasks=3x8;labels=12;k=16;controller,paraphrase_consistency,5,0,0
replay=1;tasks=3x8;labels=12;k=16;controller_routed,final_acc_avg,5,0.9,0.127066255683
replay=1;tasks=3x8;labels=12;k=16;controller_routed,final_acc_A,5,0.8,0.273861278753
replay=1;tasks=3x8;labels=12;k=16;controller_routed,final_acc_B,5,1,0
replay=1;tasks=3x8;labels=12;k=16;controller_routed,final_acc_C,5,0.9,0.16298006013
retention_ctrl;base,final_acc_avg,10,0.166666666667,0
retention_ctrl;base,final_acc_A,10,0.25,0
retention_ctrl;base,final_acc_B,10,0.25,0
retention_ctrl;base,final_acc_C,10,0,0
retention_ctrl;base,final_drift_kl,10,0,0
retention_ctrl;controller,final_acc_avg,10,0.575,0.0917087445512
retention_ctrl;controller,final_acc_A,10,0.3,0.197202659437
retention_ctrl;controller,final_acc_B,10,0.425,0.205818150587
retention_ctrl;controller,final_acc_C,10,1,0
retention_ctrl;controller,average_retention,10,0.3625,0.137563116827
retention_ctrl;controller,return_to_base_gap,10,0.05,0.105409255339
retention_ctrl;controller,collateral,10,0.675,0.158113883008
retention_ctrl;controller,order_sensitivity,10,0.575,0.0729662529809
retention_ctrl;controller,final_drift_kl,10,4.67025396824,0.59504727041
retention_ctrl;controller,paraphrase_consistency,10,0,0
retention_ctrl;controller_routed,final_acc_avg,10,0.983333333333,0.0351364184463
retention_ctrl;controller_routed,final_acc_A,10,0.975,0.0790569415042
retention_ctrl;controller_routed,final_acc_B,10,1,0
retention_ctrl;controller_routed,final_acc_C,10,0.975,0.0790569415042
seed;anchor=1;base,final_acc_avg,10,0.166666666667,0
seed;anchor=1;base,final_acc_A,10,0.25,0
seed;anchor=1;base,final_acc_B,10,0.25,0
seed;anchor=1;base,final_acc_C,10,0,0
seed;anchor=1;base,final_drift_kl,10,0,0
seed;anchor=1;controller,final_acc_avg,10,0.475,0.0562457131425
seed;anchor=1;controller,final_acc_A,10,0.2,0.158113883008
seed;anchor=1;controller,final_acc_B,10,0.225,0.0790569415042
seed;anchor=1;controller,final_acc_C,10,1,0
seed;anchor=1;controller,average_retention,10,0.2125,0.0843685697138
seed;anchor=1;controller,return_to_base_gap,10,0.05,0.105409255339
seed;anchor=1;controller,collateral,10,0.5375,0.0843685697138
seed;anchor=1;controller,order_sensitivity,10,0.633333333333,0.0805076485899
seed;anchor=1;controller,final_drift_kl,10,0.606066572666,0.121717697038
seed;anchor=1;controller,paraphrase_consistency,10,0,0
seed;anchor=1;controller_routed,final_acc_avg,10,0.95,0.0895806416478
seed;anchor=1;controller_routed,final_acc_A,10,0.85,0.268741924943
seed;anchor=1;controller_routed,final_acc_B,10,1,0
seed;anchor=1;controller_routed,final_acc_C,10,1,0
seed;base,final_acc_avg,10,0.166666666667,0
seed;base,final_acc_A,10,0.25,0
seed;base,final_acc_B,10,0.25,0
seed;base,final_acc_C,10,0,0
seed;base,final_drift_kl,10,0,0
seed;coeff_add,final_acc_avg,10,0.2,0.0582671582317
seed;coeff_add,final_acc_A,10,0.275,0.141911553049
seed;coeff_add,final_acc_B,10,0.175,0.120761472885
seed;coeff_add,final_acc_C,10,0.15,0.129099444874
seed;coeff_add,average_retention,10,0.225,0.0790569415042
seed;coeff_add,return_to_base_gap,10,0.075,0.120761472885
seed;coeff_add,collateral,10,0.125,0.102062072616
seed;coeff_add,order_sensitivity,10,0,0
seed;coeff_add,final_drift_kl,10,6.38709673882,1.30759858067
seed;coeff_add,paraphrase_consistency,10,0,0
seed;controller,final_acc_avg,10,0.533333333333,0.119153392164
seed;controller,final_acc_A,10,0.25,0.166666666667
seed;controller,final_acc_B,10,0.35,0.24152294577
seed;controller,final_acc_C,10,1,0
seed;controller,average_retention,10,0.3,0.178730088246
seed;controller,return_to_base_gap,10,0.05,0.105409255339
seed;controller,collateral,10,0.6,0.0790569415042
seed;controller,order_sensitivity,10,0.575,0.132927623489
seed;controller,final_drift_kl,10,5.08957183361,0.996003714141
seed;controller,paraphrase_consistency,10,0,0
seed;controller_routed,final_acc_avg,10,1,0
seed;controller_routed,final_acc_A,10,1,0
seed;controller_routed,final_acc_B,10,1,0
seed;controller_routed,final_acc_C,10,1,0
seed;independent,final_acc_avg,10,1,0
seed;independent,final_acc_A,10,1,0
seed;independent,final_acc_B,10,1,0
seed;independent,final_acc_C,10,1,0
seed;independent,final_drift_kl,10,5.17166814804,1.2201860565
seed;naive_stack,final_acc_avg,10,0.775,0.0686060501957
seed;naive_stack,final_acc_A,10,0.6,0.174801474695
seed;naive_stack,final_acc_B,10,0.725,0.0790569415042
seed;naive_stack,final_acc_C,10,1,0
seed;naive_stack,average_retention,10,0.6625,0.102909075294
seed;naive_stack,return_to_base_gap,10,0.225,0.0790569415042
seed;naive_stack,collateral,10,0.475,0.114867072934
seed;naive_stack,order_sensitivity,10,0.341666666667,0.12699032723
seed;naive_stack,final_drift_kl,10,15.3376130104,4.19007911949
seed;naive_stack,paraphrase_consistency,10,0,0
sweeps;base,final_acc_avg,23,0.166666666667,0
sweeps;base,final_acc_A,23,0.25,0
sweeps;base,final_acc_B,23,0.25,0
sweeps;base,final_acc_C,23,0,0
sweeps;base,final_drift_kl,23,0,0
sweeps;coeff_add,final_acc_avg,12,0.194444444444,0.0648749120135
sweeps;coeff_add,final_acc_A,12,0.291666666667,0.144337567297
sweeps;coeff_add,final_acc_B,12,0.166666666667,0.123091490979
sweeps;coeff_add,final_acc_C,12,0.125,0.130558241967
sweeps;coeff_add,average_retention,12,0.229166666667,0.0897175703207
sweeps;coeff_add,return_to_base_gap,12,0.0625,0.113066754217
sweeps;coeff_add,collateral,12,0.114583333333,0.0991201826373
sweeps;coeff_add,order_sensitivity,11,0,0
sweeps;coeff_add,final_drift_kl,12,6.44364134471,1.2147264395
sweeps;coeff_add,paraphrase_consistency,12,0,0
sweeps;controller,final_acc_avg,23,0.507246376812,0.0902893898143
sweeps;controller,final_acc_A,23,0.217391304348,0.156385810543
sweeps;controller,final_acc_B,23,0.304347826087,0.183967044651
sweeps;controller,final_acc_C,23,1,0
sweeps;controller,average_retention,23,0.260869565217,0.135434084721
sweeps;controller,return_to_base_gap,23,0.054347826087,0.105435291959
sweeps;controller,collateral,23,0.58152173913,0.0892574771837
sweeps;controller,order_sensitivity,22,0.602272727273,0.105821984712
sweeps;controller,final_drift_kl,23,2.88158192324,2.3384731121
sweeps;controller,paraphrase_consistency,23,0,0
sweeps;controller_routed,final_acc_avg,23,0.974637681159,0.0637366672961
sweeps;controller_routed,final_acc_A,23,0.923913043478,0.191210001888
sweeps;controller_routed,final_acc_B,23,1,0
sweeps;controller_routed,final_acc_C,23,1,0
sweeps;independent,final_acc_avg,12,1,0
sweeps;independent,final_acc_A,12,1,0
sweeps;independent,final_acc_B,12,1,0
sweeps;independent,final_acc_C,12,1,0
sweeps;independent,final_drift_kl,12,4.92736999194,1.24559949372
sweeps;naive_stack,final_acc_avg,11,0.780303030303,0.0674199862463
sweeps;naive_stack,final_acc_A,11,0.613636363636,0.171887912738
sweeps;naive_stack,final_acc_B,11,0.727272727273,0.0753778361444
sweeps;naive_stack,final_acc_C,11,1,0
sweeps;naive_stack,average_retention,11,0.670454545455,0.101129979369
sweeps;naive_stack,return_to_base_gap,11,0.227272727273,0.0753778361444
sweeps;naive_stack,collateral,11,0.454545454545,0.128363829513
sweeps;naive_stack,order_sensitivity,11,0.333333333333,0.123603308118
sweeps;naive_stack,final_drift_kl,11,14.6307887164,4.61483403097
sweeps;naive_stack,paraphrase_consistency,11,0,0
tasks=2;facts=4;base,final_acc_avg,10,0.25,0
tasks=2;facts=4;base,final_acc_A,10,0.25,0
tasks=2;facts=4;base,final_acc_B,10,0.25,0
tasks=2;facts=4;base,final_drift_kl,10,0,0
tasks=2;facts=4;coeff_add,final_acc_avg,10,0.225,0.0986013297183
tasks=2;facts=4;coeff_add,final_acc_A,10,0.325,0.120761472885
tasks=2;facts=4;coeff_add,final_acc_B,10,0.125,0.131761569174
tasks=2;facts=4;coeff_add,average_retention,10,0.325,0.120761472885
tasks=2;facts=4;coeff_add,return_to_base_gap,10,0.15,0.129099444874
tasks=2;facts=4;coeff_add,collateral,10,0.875,0.131761569174
tasks=2;facts=4;coeff_add,order_sensitivity,10,0,0
tasks=2;facts=4;coeff_add,final_drift_kl,10,6.03587918282,1.46154448736
tasks=2;facts=4;coeff_add,paraphrase_consistency,10,0,0
tasks=2;facts=4;controller,final_acc_avg,10,0.6625,0.118585412256
tasks=2;facts=4;controller,final_acc_A,10,0.325,0.237170824513
tasks=2;facts=4;controller,final_acc_B,10,1,0
tasks=2;facts=4;controller,average_retention,10,0.325,0.237170824513
tasks=2;facts=4;controller,return_to_base_gap,10,0.05,0.105409255339
tasks=2;facts=4;controller,collateral,10,0.9,0.129099444874
tasks=2;facts=4;controller,order_sensitivity,10,0.65,0.153659074288
tasks=2;facts=4;controller,final_drift_kl,10,4.58454794884,0.813694452932
tasks=2;facts=4;controller,paraphrase_consistency,10,0,0
tasks=2;facts=4;controller_routed,final_acc_avg,10,1,0
tasks=2;facts=4;controller_routed,final_acc_A,10,1,0
tasks=2;facts=4;controller_routed,final_acc_B,10,1,0
tasks=2;facts=4;independent,final_acc_avg,10,1,0
tasks=2;facts=4;independent,final_acc_A,10,1,0
tasks=2;facts=4;independent,final_acc_B,10,1,0
tasks=2;facts=4;independent,final_drift_kl,10,4.26881141663,0.815440967559
tasks=2;facts=4;naive_stack,final_acc_avg,10,0.975,0.0527046276695
tasks=2;facts=4;naive_stack,final_acc_A,10,0.95,0.105409255339
tasks=2;facts=4;naive_stack,final_acc_B,10,1,0
tasks=2;facts=4;naive_stack,average_retention,10,0.95,0.105409255339
tasks=2;facts=4;naive_stack,return_to_base_gap,10,0.125,0.131761569174
tasks=2;facts=4;naive_stack,collateral,10,0.55,0.158113883008
tasks=2;facts=4;naive_stack,order_sensitivity,10,0.1,0.0986013297183
tasks=2;facts=4;naive_stack,final_drift_kl,10,12.3168040752,5.42201807734
tasks=2;facts=4;naive_stack,paraphrase_consistency,10,0,0
tasks=3;facts=4;base,final_acc_avg,10,0.166666666667,0
tasks=3;facts=4;base,final_acc_A,10,0.25,0
tasks=3;facts=4;base,final_acc_B,10,0.25,0
tasks=3;facts=4;base,final_acc_C,10,0,0
tasks=3;facts=4;base,final_drift_kl,10,0,0
tasks=3;facts=4;coeff_add,final_acc_avg,10,0.2,0.0582671582317
tasks=3;facts=4;coeff_add,final_acc_A,10,0.275,0.141911553049
tasks=3;facts=4;coeff_add,final_acc_B,10,0.175,0.120761472885
tasks=3;facts=4;coeff_add,final_acc_C,10,0.15,0.129099444874
tasks=3;facts=4;coeff_add,average_retention,10,0.225,0.0790569415042
tasks=3;facts=4;coeff_add,return_to_base_gap,10,0.075,0.120761472885
tasks=3;facts=4;coeff_add,collateral,10,0.125,0.102062072616
tasks=3;facts=4;coeff_add,order_sensitivity,10,0,0
tasks=3;facts=4;coeff_add,final_drift_kl,10,6.38709673882,1.30759858067
tasks=3;facts=4;coeff_add,paraphrase_consistency,10,0,0
tasks=3;facts=4;controller,final_acc_avg,10,0.533333333333,0.119153392164
tasks=3;facts=4;controller,final_acc_A,10,0.25,0.166666666667
tasks=3;facts=4;controller,final_acc_B,10,0.35,0.24152294577
tasks=3;facts=4;controller,final_acc_C,10,1,0
tasks=3;facts=4;controller,average_retention,10,0.3,0.178730088246
tasks=3;facts=4;controller,return_to_base_gap,10,0.05,0.105409255339
tasks=3;facts=4;controller,collateral,10,0.6,0.0790569415042
tasks=3;facts=4;controller,order_sensitivity,10,0.575,0.132927623489
tasks=3;facts=4;controller,final_drift_kl,10,5.08957183361,0.996003714141
tasks=3;facts=4;controller,paraphrase_consistency,10,0,0
tasks=3;facts=4;controller_routed,final_acc_avg,10,1,0
tasks=3;facts=4;controller_routed,final_acc_A,10,1,0
tasks=3;facts=4;controller_routed,final_acc_B,10,1,0
tasks=3;facts=4;controller_routed,final_acc_C,10,1,0
tasks=3;facts=4;independent,final_acc_avg,10,1,0
tasks=3;facts=4;independent,final_acc_A,10,1,0
tasks=3;facts=4;independent,final_acc_B,10,1,0
tasks=3;facts=4;independent,final_acc_C,10,1,0
tasks=3;facts=4;independent,final_drift_kl,10,5.17166814804,1.2201860565
tasks=3;facts=4;naive_stack,final_acc_avg,10,0.775,0.0686060501957
tasks=3;facts=4;naive_stack,final_acc_A,10,0.6,0.174801474695
tasks=3;facts=4;naive_stack,final_acc_B,10,0.725,0.0790569415042
tasks=3;facts=4;naive_stack,final_acc_C,10,1,0
tasks=3;facts=4;naive_stack,average_retention,10,0.6625,0.102909075294
tasks=3;facts=4;naive_stack,return_to_base_gap,10,0.225,0.0790569415042
tasks=3;facts=4;naive_stack,collateral,10,0.475,0.114867072934
tasks=3;facts=4;naive_stack,order_sensitivity,10,0.341666666667,0.12699032723
tasks=3;facts=4;naive_stack,final_drift_kl,10,15.3376130104,4.19007911949
tasks=3;facts=4;naive_stack,paraphrase_consistency,10,0,0
tasks=3x8;labels=12;base,final_acc_avg,5,0.0833333333333,0
tasks=3x8;labels=12;base,final_acc_A,5,0.125,0
tasks=3x8;labels=12;base,final_acc_B,5,0.125,0
tasks=3x8;labels=12;base,final_acc_C,5,0,0
tasks=3x8;labels=12;base,final_drift_kl,5,0,0
tasks=3x8;labels=12;controller,final_acc_avg,5,0.408333333333,0.05432668671
tasks=3x8;labels=12;controller,final_acc_A,5,0.1,0.104582503317
tasks=3x8;labels=12;controller,final_acc_B,5,0.125,0.176776695297
tasks=3x8;labels=12;controller,final_acc_C,5,1,0
tasks=3x8;labels=12;controller,average_retention,5,0.1125,0.081490030065
tasks=3x8;labels=12;controller,newest_alone_on_earlier,5,0.125,0.0441941738242
tasks=3x8;labels=12;controller,return_to_base_gap,5,0.025,0.0559016994375
tasks=3x8;labels=12;controller,collateral,5,0.5375,0.0712609640687
tasks=3x8;labels=12;controller,order_sensitivity,5,0.625,0.0883883476483
tasks=3x8;labels=12;controller,final_drift_kl,5,5.93117284775,1.57718248864
tasks=3x8;labels=12;controller,paraphrase_consistency,5,0,0
tasks=3x8;labels=12;controller_routed,final_acc_avg,5,0.908333333333,0.162446572413
tasks=3x8;labels=12;controller_routed,final_acc_A,5,0.925,0.111803398875
tasks=3x8;labels=12;controller_routed,final_acc_B,5,1,0
tasks=3x8;labels=12;controller_routed,final_acc_C,5,0.8,0.381198767049
tasks=4;facts=4;base,final_acc_avg,10,0.125,0
tasks=4;facts=4;base,final_acc_A,10,0.25,0
tasks=4;facts=4;base,final_acc_B,10,0.25,0
tasks=4;facts=4;base,final_acc_C,10,0,0
tasks=4;facts=4;base,final_acc_D,10,0,0
tasks=4;facts=4;base,final_drift_kl,10,0,0
tasks=4;facts=4;coeff_add,final_acc_avg,10,0.15,0.0322748612184
tasks=4;facts=4;coeff_add,final_acc_A,10,0.25,0
tasks=4;facts=4;coeff_add,final_acc_B,10,0.15,0.129099444874
tasks=4;facts=4;coeff_add,final_acc_C,10,0.1,0.129099444874
tasks=4;facts=4;coeff_add,final_acc_D,10,0.1,0.129099444874
tasks=4;facts=4;coeff_add,average_retention,10,0.166666666667,0.0785674201318
tasks=4;facts=4;coeff_add,return_to_base_gap,10,0.1,0.129099444874
tasks=4;facts=4;coeff_add,collateral,10,0.0583333333333,0.0686060501957
tasks=4;facts=4;coeff_add,order_sensitivity,10,0,0
tasks=4;facts=4;coeff_add,final_drift_kl,10,6.73886737823,1.11900814148
tasks=4;facts=4;coeff_add,paraphrase_consistency,10,0,0
tasks=4;facts=4;controller,final_acc_avg,10,0.41875,0.066209369092
tasks=4;facts=4;controller,final_acc_A,10,0.275,0.141911553049
tasks=4;facts=4;controller,final_acc_B,10,0.15,0.129099444874
tasks=4;facts=4;controller,final_acc_C,10,0.25,0.204124145232
tasks=4;facts=4;controller,final_acc_D,10,1,0
tasks=4;facts=4;controller,average_retention,10,0.225,0.0882791587893
tasks=4;facts=4;controller,return_to_base_gap,10,0.025,0.0790569415042
tasks=4;facts=4;controller,collateral,10,0.4,0.116534316463
tasks=4;facts=4;controller,order_sensitivity,10,0.48125,0.0782290973147
tasks=4;facts=4;controller,final_drift_kl,10,5.1083824873,0.892779640292
tasks=4;facts=4;controller,paraphrase_consistency,10,0,0
tasks=4;facts=4;controller_routed,final_acc_avg,10,0.975,0.0603807364425
tasks=4;facts=4;controller_routed,final_acc_A,10,0.975,0.0790569415042
tasks=4;facts=4;controller_routed,final_acc_B,10,1,0
tasks=4;facts=4;controller_routed,final_acc_C,10,0.925,0.237170824513
tasks=4;facts=4;controller_routed,final_acc_D,10,1,0
tasks=4;facts=4;independent,final_acc_avg,10,1,0
tasks=4;facts=4;independent,final_acc_A,10,1,0
tasks=4;facts=4;independent,final_acc_B,10,1,0
tasks=4;facts=4;independent,final_acc_C,10,1,0
tasks=4;facts=4;independent,final_acc_D,10,1,0
tasks=4;facts=4;independent,final_drift_kl,10,5.32861247063,1.08951774529
tasks=4;facts=4;naive_stack,final_acc_avg,10,0.6375,0.0768295371441
tasks=4;facts=4;naive_stack,final_acc_A,10,0.45,0.105409255339
tasks=4;facts=4;naive_stack,final_acc_B,10,0.45,0.158113883008
tasks=4;facts=4;naive_stack,final_acc_C,10,0.65,0.174801474695
tasks=4;facts=4;naive_stack,final_acc_D,10,1,0
tasks=4;facts=4;naive_stack,average_retention,10,0.516666666667,0.102439382859
tasks=4;facts=4;naive_stack,return_to_base_gap,10,0.15,0.129099444874
tasks=4;facts=4;naive_stack,collateral,10,0.325,0.173249623661
tasks=4;facts=4;naive_stack,order_sensitivity,10,0.44375,0.0905711046637
tasks=4;facts=4;naive_stack,final_drift_kl,10,16.9704668999,3.03731055812
tasks=4;facts=4;naive_stack,paraphrase_consistency,10,0,0
tasks=5;facts=3;base,final_acc_avg,10,0.133333337307,0
tasks=5;facts=3;base,final_acc_A,10,0.333333343267,0
tasks=5;facts=3;base,final_acc_B,10,0.333333343267,0
tasks=5;facts=3;base,final_acc_C,10,0,0
tasks=5;facts=3;base,final_acc_D,10,0,0
tasks=5;facts=3;base,final_acc_E,10,0,0
tasks=5;facts=3;base,final_drift_kl,10,0,0
tasks=5;facts=3;coeff_add,final_acc_avg,10,0.160000004768,0.0344265196589
tasks=5;facts=3;coeff_add,final_acc_A,10,0.333333343267,0
tasks=5;facts=3;coeff_add,final_acc_B,10,0.133333337307,0.172132598295
tasks=5;facts=3;coeff_add,final_acc_C,10,0.133333337307,0.172132598295
tasks=5;facts=3;coeff_add,final_acc_D,10,0,0
tasks=5;facts=3;coeff_add,final_acc_E,10,0.20000000596,0.172132598295
tasks=5;facts=3;coeff_add,average_retention,10,0.15000000447,0.0860662991474
tasks=5;facts=3;coeff_add,return_to_base_gap,10,0,0
tasks=5;facts=3;coeff_add,collateral,10,0.0333333343267,0.0582671599682
tasks=5;facts=3;coeff_add,order_sensitivity,10,0,0
tasks=5;facts=3;coeff_add,final_drift_kl,10,7.09759569168,1.16941746306
tasks=5;facts=3;coeff_add,paraphrase_consistency,10,0,0
tasks=5;facts=3;controller,final_acc_avg,10,0.333333337307,0.0544331070174
tasks=5;facts=3;controller,final_acc_A,10,0.300000008941,0.291865020622
tasks=5;facts=3;controller,final_acc_B,10,0.0333333343267,0.10540925848
tasks=5;facts=3;controller,final_acc_C,10,0.133333337307,0.172132598295
tasks=5;facts=3;controller,final_acc_D,10,0.20000000596,0.233068639873
tasks=5;facts=3;controller,final_acc_E,10,1,0
tasks=5;facts=3;controller,average_retention,10,0.166666671634,0.0680413837718
tasks=5;facts=3;controller,return_to_base_gap,10,0.0666666686535,0.140545677974
tasks=5;facts=3;controller,collateral,10,0.30000000149,0.0895806443175
tasks=5;facts=3;controller,order_sensitivity,10,0.446666668057,0.133518394075
tasks=5;facts=3;controller,final_drift_kl,10,5.42125120163,1.09703088086
tasks=5;facts=3;controller,paraphrase_consistency,10,0,0
tasks=5;facts=3;controller_routed,final_acc_avg,10,0.986666667461,0.0281091330816
tasks=5;facts=3;controller_routed,final_acc_A,10,1,0
tasks=5;facts=3;controller_routed,final_acc_B,10,1,0
tasks=5;facts=3;controller_routed,final_acc_C,10,0.966666668653,0.105409249056
tasks=5;facts=3;controller_routed,final_acc_D,10,0.966666668653,0.105409249056
tasks=5;facts=3;controller_routed,final_acc_E,10,1,0
tasks=5;facts=3;independent,final_acc_avg,10,1,0
tasks=5;facts=3;independent,final_acc_A,10,1,0
tasks=5;facts=3;independent,final_acc_B,10,1,0
tasks=5;facts=3;independent,final_acc_C,10,1,0
tasks=5;facts=3;independent,final_acc_D,10,1,0
tasks=5;facts=3;independent,final_acc_E,10,1,0
tasks=5;facts=3;independent,final_drift_kl,10,5.02989735603,0.744508520889
tasks=5;facts=3;naive_stack,final_acc_avg,10,0.50000000596,0.114395889812
tasks=5;facts=3;naive_stack,final_acc_A,10,0.166666671634,0.175682097467
tasks=5;facts=3;naive_stack,final_acc_B,10,0.10000000298,0.161015301979
tasks=5;facts=3;naive_stack,final_acc_C,10,0.466666677594,0.233068632295
tasks=5;facts=3;naive_stack,final_acc_D,10,0.766666677594,0.224982845538
tasks=5;facts=3;naive_stack,final_acc_E,10,1,0
tasks=5;facts=3;naive_stack,average_retention,10,0.375000007451,0.142994862265
tasks=5;facts=3;naive_stack,return_to_base_gap,10,0.333333343267,0
tasks=5;facts=3;naive_stack,collateral,10,0.0750000007451,0.0917087448772
tasks=5;facts=3;naive_stack,order_sensitivity,10,0.653333336711,0.0877707435375
tasks=5;facts=3;naive_stack,final_drift_kl,10,15.8656687737,3.37718679872
tasks=5;facts=3;naive_stack,paraphrase_consistency,10,0,0
tasks=6;facts=3;base,final_acc_avg,10,0.166666671634,0
tasks=6;facts=3;base,final_acc_A,10,0.333333343267,0
tasks=6;facts=3;base,final_acc_B,10,0.333333343267,0
tasks=6;facts=3;base,final_acc_C,10,0,0
tasks=6;facts=3;base,final_acc_D,10,0,0
tasks=6;facts=3;base,final_acc_E,10,0,0
tasks=6;facts=3;base,final_acc_F,10,0.333333343267,0
tasks=6;facts=3;base,final_drift_kl,10,0,0
tasks=6;facts=3;coeff_add,final_acc_avg,10,0.183333338797,0.0374971432125
tasks=6;facts=3;coeff_add,final_acc_A,10,0.333333343267,0.222222228845
tasks=6;facts=3;coeff_add,final_acc_B,10,0.133333337307,0.172132598295
tasks=6;facts=3;coeff_add,final_acc_C,10,0.133333337307,0.172132598295
tasks=6;facts=3;coeff_add,final_acc_D,10,0,0
tasks=6;facts=3;coeff_add,final_acc_E,10,0.233333340287,0.161015301979
tasks=6;facts=3;coeff_add,final_acc_F,10,0.266666674614,0.140545677974
tasks=6;facts=3;coeff_add,average_retention,10,0.166666671634,0.064788356318
tasks=6;facts=3;coeff_add,return_to_base_gap,10,0,0
tasks=6;facts=3;coeff_add,collateral,10,0.0600000017881,0.0733669978275
tasks=6;facts=3;coeff_add,order_sensitivity,10,0,0
tasks=6;facts=3;coeff_add,final_drift_kl,10,7.3791724205,1.2396398712
tasks=6;facts=3;coeff_add,paraphrase_consistency,10,0,0
tasks=6;facts=3;controller,final_acc_avg,10,0.294444448253,0.0457373681602
tasks=6;facts=3;controller,final_acc_A,10,0.233333340287,0.224982859275
tasks=6;facts=3;controller,final_acc_B,10,0.10000000298,0.161015301979
tasks=6;facts=3;controller,final_acc_C,10,0.0666666686535,0.140545677974
tasks=6;facts=3;controller,final_acc_D,10,0.166666671634,0.175682097467
tasks=6;facts=3;controller,final_acc_E,10,0.20000000596,0.233068639873
tasks=6;facts=3;controller,final_acc_F,10,1,0
tasks=6;facts=3;controller,average_retention,10,0.153333337903,0.0548848417923
tasks=6;facts=3;controller,return_to_base_gap,10,0.0666666686535,0.140545677974
tasks=6;facts=3;controller,collateral,10,0.233333334327,0.0785674224733
tasks=6;facts=3;controller,order_sensitivity,10,0.377777779102,0.0819849788181
tasks=6;facts=3;controller,final_drift_kl,10,5.78564333916,1.41728525107
tasks=6;facts=3;controller,paraphrase_consistency,10,0,0
tasks=6;facts=3;controller_routed,final_acc_avg,10,0.961111112436,0.0457373658139
tasks=6;facts=3;controller_routed,final_acc_A,10,1,0
tasks=6;facts=3;controller_routed,final_acc_B,10,0.933333334327,0.210818507536
tasks=6;facts=3;controller_routed,final_acc_C,10,1,0
tasks=6;facts=3;controller_routed,final_acc_D,10,1,0
tasks=6;facts=3;controller_routed,final_acc_E,10,0.966666668653,0.105409249056
tasks=6;facts=3;controller_routed,final_acc_F,10,0.866666671634,0.233068626612
tasks=6;facts=3;independent,final_acc_avg,10,1,0
tasks=6;facts=3;independent,final_acc_A,10,1,0
tasks=6;facts=3;independent,final_acc_B,10,1,0
tasks=6;facts=3;independent,final_acc_C,10,1,0
tasks=6;facts=3;independent,final_acc_D,10,1,0
tasks=6;facts=3;independent,final_acc_E,10,1,0
tasks=6;facts=3;independent,final_acc_F,10,1,0
tasks=6;facts=3;independent,final_drift_kl,10,5.02989735603,0.744508520889
tasks=6;facts=3;naive_stack,final_acc_avg,10,0.51111111939,0.0936971172749
tasks=6;facts=3;naive_stack,final_acc_A,10,0.233333340287,0.161015301979
tasks=6;facts=3;naive_stack,final_acc_B,10,0.400000011921,0.140545677974
tasks=6;facts=3;naive_stack,final_acc_C,10,0.233333340287,0.161015301979
tasks=6;facts=3;naive_stack,final_acc_D,10,0.433333346248,0.224982859275
tasks=6;facts=3;naive_stack,final_acc_E,10,0.766666677594,0.224982845538
tasks=6;facts=3;naive_stack,final_acc_F,10,1,0
tasks=6;facts=3;naive_stack,average_retention,10,0.413333343267,0.11243654073
tasks=6;facts=3;naive_stack,return_to_base_gap,10,0.233333340287,0.161015301979
tasks=6;facts=3;naive_stack,collateral,10,0.153333336115,0.0834443707864
tasks=6;facts=3;naive_stack,order_sensitivity,10,0.516666669647,0.0946077043663
tasks=6;facts=3;naive_stack,final_drift_kl,10,14.6210843086,3.95078068094
tasks=6;facts=3;naive_stack,paraphrase_consistency,10,0,0
